<?xml version="1.0" encoding="UTF-8"?>
<con:config xmlns:con="http://www.sourceid.org/2004/05/config">
    <con:item name="lastUpdated">1586270648703</con:item>
    <con:map name="scope-descriptions">
        <con:item name="address">Used to access your postal address</con:item>
        <con:item name="phone">Used to access your phone number</con:item>
        <con:item name="openid">Used to authenticated with OIDC</con:item>
        <con:item name="email">Used to access your email address</con:item>
        <con:item name="profile">Used to access your profile</con:item>
    </con:map>
    <con:list name="dynamic-common-scopes"/>
    <con:map name="scope-group-descriptions"/>
    <con:map name="scope-group-mappings"/>
    <con:map name="exclusive-scope-descriptions"/>
    <con:list name="dynamic-exclusive-scopes"/>
    <con:map name="exclusive-scope-group-descriptions"/>
    <con:map name="exclusive-scope-group-mappings"/>
</con:config>