<?xml version="1.0" encoding="UTF-8"?>
<sk:systemKeys xmlns:sk="http://pingidentity.com/2018/01/system-keys">
    <sk:currentKey>
        <sk:key>eyJhbGciOiJkaXIiLCJlbmMiOiJBMTI4Q0JDLUhTMjU2Iiwia2lkIjoiekhEdXh2cTZraCIsInZlcnNpb24iOiIxMC4wLjAuMTUiLCJ6aXAiOiJERUYifQ..ZfG1Onwx3bcOU9EElRmVTw.Q0HAaRYIPEwF9n1InR9pDCdLwWRUtzJM9rPKtjw4VjTv8BIZru68aWyzgEdAOtD4.7GjWWFRmRetnmmTMulAGGA</sk:key>
        <sk:generatedTime>2020-04-07T14:43:35.983Z</sk:generatedTime>
    </sk:currentKey>
    <sk:previousKey xsi:nil="true" xmlns:xsi="http://www.w3.org/2001/XMLSchema-instance"/>
    <sk:pendingKey>
        <sk:key>eyJhbGciOiJkaXIiLCJlbmMiOiJBMTI4Q0JDLUhTMjU2Iiwia2lkIjoiekhEdXh2cTZraCIsInZlcnNpb24iOiIxMC4wLjAuMTUiLCJ6aXAiOiJERUYifQ..VnCFxHLVkbpm1IhopYMwGA.0k-v5W3wRwXYnhZPIxlAsLPEBoGYE84jkRLki4ZGSYtK7J4TR1I4sYteOUNXjhrT.pIJktQ3Hz5aikpWYqm9HIA</sk:key>
        <sk:generatedTime>2020-04-07T14:43:35.983Z</sk:generatedTime>
    </sk:pendingKey>
</sk:systemKeys>